session_id,persona,start_time,user_id,anonymous_id,device_type
sess_0000_1a3d1fa7,frustration,2026-10-03T09:29:07.000Z,usr_21395,anon_8b9d2434e465,mobile
sess_0001_bf3c4c06,frustration,2026-10-03T09:40:16.000Z,usr_62350,anon_956269f0e5d7,mobile
sess_0002_e2817efd,frustration,2026-10-03T09:48:51.000Z,usr_94012,anon_c4c2e2e3444e,desktop
sess_0003_ec24a3c5,frustration,2026-10-03T10:02:03.000Z,,anon_99546eb40025,mobile
sess_0004_6c52c49f,frustration,2026-10-03T10:16:33.000Z,usr_36365,anon_8a0f4efbedcd,desktop
sess_0005_309d258c,frustration,2026-10-03T10:32:19.000Z,,anon_0ef8c2d6f7fd,desktop
sess_0006_711c21c9,frustration,2026-10-03T10:36:40.000Z,,anon_8f9797b06d7c,desktop
sess_0007_0710d430,frustration,2026-10-03T10:51:12.000Z,,anon_42deffccf86c,desktop
sess_0008_7118e364,frustration,2026-10-03T10:59:25.000Z,,anon_82dc4c8e36b5,desktop
sess_0009_a1384ddc,frustration,2026-10-03T11:06:55.000Z,,anon_b24445a7b7e5,desktop
sess_0010_513a7052,decision_fatigue,2026-10-03T11:18:03.000Z,,anon_714c7df4e434,desktop
sess_0011_a48b3dbe,decision_fatigue,2026-10-03T11:30:04.000Z,,anon_7631de9ddde9,desktop
sess_0012_1b049863,decision_fatigue,2026-10-03T11:35:36.000Z,usr_70258,anon_a2b5b4985cb8,desktop
sess_0013_2f65fafa,decision_fatigue,2026-10-03T11:50:48.000Z,,anon_7bf47042bd15,desktop
sess_0014_b07aa066,decision_fatigue,2026-10-03T11:57:03.000Z,usr_40340,anon_085b15fb4a8f,mobile
sess_0015_8cd321b0,decision_fatigue,2026-10-03T12:07:47.000Z,,anon_50843242168b,desktop
sess_0016_749176f4,decision_fatigue,2026-10-03T12:19:21.000Z,usr_41300,anon_304b8590de9e,desktop
sess_0017_9c07a751,decision_fatigue,2026-10-03T12:31:47.000Z,,anon_aee1e86b9ea5,desktop
sess_0018_f8b38a8b,decision_fatigue,2026-10-03T12:41:34.000Z,usr_45720,anon_e9da484a8075,desktop
sess_0019_fb1e143b,decision_fatigue,2026-10-03T12:50:47.000Z,,anon_e6d5901d8b62,desktop
sess_0020_12d0498d,boredom,2026-10-03T13:02:12.000Z,usr_29442,anon_9bb961555275,desktop
sess_0021_6d4067f4,boredom,2026-10-03T13:12:33.000Z,usr_30006,anon_5fd231094140,desktop
sess_0022_1bb43332,boredom,2026-10-03T13:18:09.000Z,usr_25058,anon_5e187b248e67,desktop
sess_0023_87cdb6a1,boredom,2026-10-03T13:28:13.000Z,,anon_742221676b7a,mobile
sess_0024_4ef492c1,boredom,2026-10-03T13:38:20.000Z,,anon_fc04a168652f,desktop
sess_0025_6de59332,boredom,2026-10-03T13:42:47.000Z,,anon_a3e05309b5a1,mobile
sess_0026_ba35844e,boredom,2026-10-03T13:56:54.000Z,usr_29358,anon_d0a643fea53b,desktop
sess_0027_0e614bcd,boredom,2026-10-03T14:07:58.000Z,,anon_4f76e38812fe,desktop
sess_0028_3f6c21f7,boredom,2026-10-03T14:24:19.000Z,usr_78690,anon_707df251fdb1,desktop
sess_0029_b2cf952d,boredom,2026-10-03T14:29:56.000Z,,anon_98549f222102,desktop
sess_0030_8a2e6a93,satisfaction,2026-10-03T14:36:05.000Z,,anon_86cac6f4e238,mobile
sess_0031_9acb394a,satisfaction,2026-10-03T14:46:37.000Z,,anon_0d5ba7cd4000,desktop
sess_0032_2387eaf6,satisfaction,2026-10-03T14:52:45.000Z,,anon_72d78bdd7817,mobile
sess_0033_8603156a,satisfaction,2026-10-03T15:06:07.000Z,usr_78951,anon_f41243601153,mobile
sess_0034_339b77a8,satisfaction,2026-10-03T15:12:15.000Z,,anon_e2c328aa3310,mobile
sess_0035_4baf0f5e,satisfaction,2026-10-03T15:29:26.000Z,usr_65851,anon_b7b8c1a59a45,desktop
sess_0036_92ec89af,satisfaction,2026-10-03T15:36:09.000Z,usr_51207,anon_65e58f345df0,desktop
sess_0037_2c913a7c,satisfaction,2026-10-03T15:54:28.000Z,,anon_3967e60a823d,desktop
sess_0038_e9247069,satisfaction,2026-10-03T16:07:08.000Z,,anon_1fc905f8d4d6,desktop
sess_0039_c4576cc3,satisfaction,2026-10-03T16:12:10.000Z,,anon_a394ed549e3c,desktop
